<?xml version="1.0" encoding="US-ASCII"?>
<SoftwareAG_License>
<Component Id="SalesInfo">
<SerialNumber>0000497869</SerialNumber>
<LicenseKey>79D4E04919F542D0A96AD772A283B581</LicenseKey>
<CustomerID>3150000</CustomerID>
<CustomerName>Software AG for Solution Book Internal USE ONLY</CustomerName>
<ContractDetails>SOFTWARE AG internal license solely for sales promotion and internal training purposes. Please note that this access key is for your personal use only. Access and software shall not be forwarded to anybody else</ContractDetails>
<ContractPosNumber>10</ContractPosNumber>
<LicenseTypeDetails>Internal</LicenseTypeDetails>
<AutoCallHome>No</AutoCallHome>
</Component>
<Component Id="ProductInfo">
<ExpirationDate>2021/10/31</ExpirationDate>
<OS>win, SunOS, Linux, Linux S390, AIX, HP-UX</OS>
<ProductCode>WOK</ProductCode>
<ProductID/>
<ProductName>webMethods Business Rules</ProductName>
<ProductVersion>10.0</ProductVersion>
<Usage/>
<RenewalDate/>
<HigherLevPosNr/>
<HigherLevProdCode/>
<HigherLevProdName/>
</Component>
<Component Id="RulesServer">
<ProductCode>WOK</ProductCode>
<ProductVersion>10.0</ProductVersion>
<Container>IS</Container>
</Component>
<Component Id="RulesFeatures">
<PublicAPI>no</PublicAPI>
<ProcessActions>no</ProcessActions>
<ServiceActions>no</ServiceActions>
<CreateDataActions>no</CreateDataActions>
<ExternalEventRules>no</ExternalEventRules>
<SynchronousInvokeFromBPM>yes</SynchronousInvokeFromBPM>
<PredictiveAnalyticsActions>no</PredictiveAnalyticsActions>
</Component>
<Component Id="RulesEdition">
<Edition>webMethods</Edition>
<AdditionalFeatures>no</AdditionalFeatures>
</Component>
<Component Id="LicenseInfo">
<PriceUnit>CoreD</PriceUnit>
<PriceQuantity>16</PriceQuantity>
<TypeOfInstallation/>
<LicenseType/>
<ExtendedRights/>
<LicenseVersion>1.2</LicenseVersion>
<Metering>MNO</Metering>
</Component>
</SoftwareAG_License>